Initial State,Final State,Path,Effective Pi-Time
"[1, 0]","[2, 0]","['[1, 0]', '2', '[2, 0]']",196.72650107682972
"[1, 1]","[4, 2]","['[1, 1]', '1', '[4, 2]']",260.1116056666905
"[2, 2]","[4, 4]","['[2, 2]', '2', '[4, 4]']",175.25523482502825
"[1, 0]","[1, -1]","['[1, 0]', '-2', '[1, -1]']",368.0271823335621
"[1, 0]","[2, -1]","['[1, 0]', '-2', '[2, -1]']",274.7549831881484
"[1, 0]","[2, 1]","['[1, 0]', '2', '[2, 1]']",229.61782708432906
"[1, 0]","[2, 2]","['[1, 0]', '2', '[2, 2]']",253.0130184808931
"[1, 1]","[2, 1]","['[1, 1]', '-1', '[2, 1]']",378.75851782894983
"[1, 1]",-1,"['[1, 1]', '-1']",262.5745793746722
"[1, 1]","[4, 3]","['[1, 1]', '1', '[4, 2]', '2', '[4, 3]']",339.57140566669045
"[1, 0]","[1, 1]","['[1, 0]', '2', '[4, 2]', '1', '[1, 1]']",428.55638932255533
"[2, 2]","[3, 1]","['[2, 2]', '0', '[3, 1]']",176.66354720858376
"[2, 2]","[3, 2]","['[2, 2]', '1', '[3, 2]']",144.28052174916866
"[1, 1]","[2, 2]","['[1, 1]', '1', '[2, 2]']",291.1127629333637
"[1, 0]","[2, -2]","['[1, 0]', '-2', '[2, -2]']",293.04718387089
"[1, 1]","[3, 0]","['[1, 1]', '0', '[3, 0]']",226.45279441701558
"[2, 2]","[2, -1]","['[2, 2]', '1', '[2, -1]']",149.95746771929828
"[2, 2]","[2, 0]","['[2, 2]', '2', '[2, 0]']",203.95615224599314
"[1, 1]","[2, 0]","['[1, 1]', '0', '[2, 0]']",281.19604263904523
"[1, 1]","[3, 3]","['[1, 1]', '1', '[3, 3]']",258.0724544843863
"[2, 2]","[2, 1]","['[2, 2]', '2', '[2, 1]']",236.84747825349245
"[1, 1]","[2, -1]","['[1, 1]', '1', '[2, -1]']",269.8201591977746
"[2, 2]","[1, -1]","['[2, 2]', '1', '[1, -1]']",279.4294460586952
"[1, 1]",-2,"['[1, 1]', '0', '[2, -2]', '-2']",346.24626648963255
"[2, 2]","[1, 0]","['[2, 2]', '2', '[1, 0]']",253.0130184808931
"[1, 0]","[3, 3]","['[1, 0]', '2', '[4, 2]', '1', '[3, 3]']",275.6533893951016
"[2, 2]","[1, 1]","['[2, 2]', '1', '[1, 1]']",291.1127629333637
"[1, -1]",-2,"['[1, -1]', '-2']",171.429771142091
"[1, 1]","[2, -2]","['[1, 1]', '0', '[2, -2]']",249.7964938102137
"[1, 1]","[3, -1]","['[1, 1]', '0', '[3, -1]']",300.70379566036524
"[1, -1]",-1,"['[1, -1]', '-1']",178.22561678358863
"[1, 1]","[4, -3]","['[1, 1]', '-1', '[4, -3]']",286.62729820916775
"[1, -1]","[3, 1]","['[1, -1]', '0', '[3, 1]']",265.4568112044112
"[1, 0]","[3, 0]","['[1, 0]', '2', '[3, 0]']",314.6420882081534
"[1, 1]","[1, -1]","['[1, 1]', '0', '[1, -1]']",388.10475962441524
"[1, 0]","[4, -3]","['[1, 0]', '-2', '[3, -2]', '-1', '[4, -3]']",327.60478578593137
"[1, 0]","[3, 2]","['[1, 0]', '2', '[4, 2]', '1', '[3, 2]']",281.7241481383603
"[1, -1]",0,"['[1, -1]', '0']",222.8860820497886
"[1, -1]","[3, 2]","['[1, -1]', '1', '[3, 2]']",252.45989635297653
"[1, 0]","[3, 1]","['[1, 0]', '2', '[4, 0]', '0', '[3, 1]']",308.9965343523817
"[1, 1]","[4, -4]","['[1, 1]', '0', '[2, -2]', '-2', '[4, -4]']",367.24446648963254
"[1, -1]",1,"['[1, -1]', '1']",193.80441033125152
"[1, 1]","[4, -2]","['[1, 1]', '0', '[4, -2]']",193.88043001599814
"[1, -1]","[3, 3]","['[1, -1]', '1', '[3, 3]']",246.3891376097178
"[1, 0]","[4, 0]","['[1, 0]', '2', '[4, 0]']",198.11001008989194
"[1, 0]","[4, -1]","['[1, 0]', '2', '[4, 2]', '1', '[4, -1]']",263.6951120886123
"[1, -1]","[2, -2]","['[1, -1]', '-2', '[2, -2]']",267.87954382150986
"[1, 1]","[1, 0]","['[1, 1]', '1', '[4, 2]', '2', '[1, 0]']",428.5563893225553
"[1, -1]","[4, -4]","['[1, -1]', '-2', '[4, -4]']",192.427971142091
"[1, 0]","[4, -2]","['[1, 0]', '2', '[4, 0]', '0', '[4, -2]']",295.0875576391306
"[1, 1]","[4, 0]","['[1, 1]', '0', '[4, 0]']",233.5344726824938
"[1, -1]","[2, -1]","['[1, -1]', '-2', '[2, -1]']",249.5873431387683
"[1, 0]","[3, -3]","['[1, 0]', '-2', '[3, -3]']",235.65451119147113
"[1, 1]","[3, 2]","['[1, 1]', '0', '[3, 2]']",229.87659190681688
"[1, 0]","[4, 3]","['[1, 0]', '2', '[4, 3]']",156.79838365586482
"[1, 1]",0,"['[1, 1]', '0']",165.21867757462664
"[1, -1]","[4, -3]","['[1, -1]', '-1', '[4, -3]']",202.27833561808413
"[1, -1]","[2, 0]","['[1, -1]', '-1', '[2, 0]']",321.2600464840258
"[1, 1]","[3, 1]","['[1, 1]', '0', '[3, 1]']",207.78940672924924
"[1, -1]","[4, -2]","['[1, -1]', '-1', '[4, -2]']",251.0045541071538
"[1, 0]","[4, 1]","['[1, 0]', '2', '[4, 1]']",191.6274674803953
"[1, -1]","[2, 1]","['[1, -1]', '-1', '[2, 1]']",294.40955523786624
"[1, -1]","[4, -1]","['[1, -1]', '1', '[4, -1]']",234.43086030322849
"[1, -1]","[2, 2]","['[1, -1]', '1', '[2, 2]']",279.4294460586952
"[1, -1]","[1, 0]","['[1, -1]', '-2', '[1, 0]']",368.0271823335621
"[1, 1]","[4, 1]","['[1, 1]', '1', '[4, 1]']",252.28339297128863
"[1, -1]","[4, 1]","['[1, -1]', '1', '[4, 1]']",240.60007609662014
"[1, 0]","[3, -1]","['[1, 0]', '-2', '[3, -1]']",263.09722929584245
"[1, -1]","[1, 1]","['[1, -1]', '0', '[1, 1]']",388.10475962441524
"[1, 1]","[4, -1]","['[1, 1]', '0', '[4, -1]']",216.03717394439985
"[1, -1]","[4, 2]","['[1, -1]', '1', '[4, 2]']",248.428288792022
"[1, 0]","[3, -2]","['[1, 0]', '-2', '[3, -2]']",244.1665504998441
"[1, 0]",-2,"['[1, 0]', '-2']",196.59741119147114
"[1, 0]","[4, 2]","['[1, 0]', '2', '[4, 2]']",168.44478365586485
"[1, 1]",1,"['[1, 1]', '1']",205.48772720592
"[1, -1]","[4, 3]","['[1, -1]', '1', '[4, 2]', '2', '[4, 3]']",327.888088792022
"[1, 0]",-1,"['[1, 0]', '-2', '[3, -2]', '-1']",303.55206695143585
"[1, 1]","[3, -2]","['[1, 1]', '-1', '[3, -2]']",321.96009582626397
"[1, 1]","[3, -3]","['[1, 1]', '-1', '[3, -3]']",371.1293289354927
"[1, 0]",0,"['[1, 0]', '2', '[4, 0]', '0']",266.4258051977591
"[1, -1]","[3, -3]","['[1, -1]', '-2', '[3, -3]']",210.486871142091
"[1, 0]","[4, -4]","['[1, 0]', '-2', '[4, -4]']",217.59561119147114
"[1, 0]","[4, 4]","['[1, 0]', '2', '[4, 4]']",168.02558365586484
"[1, 1]","[4, 4]","['[1, 1]', '1', '[4, 2]', '2', '[4, 4]']",350.79860566669043
"[1, -1]","[3, -2]","['[1, -1]', '-2', '[3, -2]']",218.99891045046397
"[1, 1]",2,"['[1, 1]', '1', '[4, 2]', '2']",305.66470566669045
"[1, -1]","[3, -1]","['[1, -1]', '-1', '[3, -1]']",223.55492649486777
"[1, 0]",2,"['[1, 0]', '2']",122.89168365586484
"[1, -1]","[3, 0]","['[1, -1]', '-1', '[3, 0]']",223.47939088596203
"[1, 0]",1,"['[1, 0]', '2', '[4, 2]', '1']",223.06866211663532
"[2, 2]","[3, 0]","['[2, 2]', '0', '[3, 0]']",195.3269348963501
"[2, 2]","[4, 1]","['[2, 2]', '1', '[4, 1]']",132.42070149281227
"[2, 2]","[4, 0]","['[2, 2]', '1', '[4, 0]']",136.031872336859
"[1, -1]",2,"['[1, -1]', '1', '[4, 2]', '2']",293.981388792022
"[2, 2]","[3, 3]","['[2, 2]', '1', '[3, 3]']",138.20976300590996
"[2, 2]","[4, -2]","['[2, 2]', '0', '[4, -2]']",162.75457049533267
"[2, 2]","[4, 2]","['[2, 2]', '1', '[4, 2]']",140.24891418821414
"[2, 2]",2,"['[2, 2]', '2']",130.12133482502824
"[2, 2]",1,"['[2, 2]', '1']",85.62503572744366
"[2, 2]",0,"['[2, 2]', '0']",134.09281805396117
"[2, 2]","[3, -2]","['[2, 2]', '1', '[2, -1]', '-2', '[3, -2]']",275.68417902434857
"[2, 2]",-2,"['[2, 2]', '1', '[2, -1]', '-2']",228.11503971597557
"[1, -1]","[4, 0]","['[1, -1]', '1', '[4, 0]']",244.21124694066685
"[2, 2]","[3, -1]","['[2, 2]', '1', '[3, -1]']",262.22456791519556
"[2, 2]","[4, 3]","['[2, 2]', '2', '[4, 3]']",164.02803482502824
"[2, 2]",-1,"['[2, 2]', '0', '[4, -2]', '-1']",235.53350781889787
"[2, 1]","[2, 2]","['[2, 1]', '2', '[2, 2]']",236.84747825349245
"[2, 1]","[2, 0]","['[2, 1]', '2', '[2, 0]']",180.56096084942914
"[2, 1]","[2, -2]","['[2, 1]', '-1', '[2, -2]']",215.31052199698956
"[2, 2]","[2, -2]","['[2, 2]', '0', '[2, -2]']",218.67063428954822
"[1, -1]","[4, 4]","['[1, -1]', '1', '[4, 2]', '2', '[4, 4]']",339.115288792022
"[2, 1]","[3, 1]","['[2, 1]', '-1', '[3, 1]']",213.71114057390344
"[2, 2]","[4, -3]","['[2, 2]', '0', '[4, -2]', '-1', '[4, -3]']",259.5862266533934
"[2, 1]","[3, 0]","['[2, 1]', '-1', '[3, 0]']",161.43771255665104
"[2, 1]","[3, -2]","['[2, 1]', '-1', '[3, -2]']",175.56945490586935
"[2, 2]","[4, -1]","['[2, 2]', '1', '[4, -1]']",126.25148569942064
"[2, 1]","[1, 0]","['[2, 1]', '2', '[1, 0]']",229.61782708432906
"[2, 1]","[2, -1]","['[2, 1]', '1', '[2, -1]']",238.34176205815712
"[2, 1]","[3, 3]","['[2, 1]', '1', '[3, 3]']",226.59405734476883
"[2, 1]","[3, -1]","['[2, 1]', '-1', '[3, -1]']",161.51324816555675
"[2, 1]","[3, -3]","['[2, 1]', '-1', '[3, -3]']",224.7386880150981
"[2, 1]","[4, 0]","['[2, 1]', '2', '[4, 0]']",181.9444698624913
"[2, 1]","[3, 2]","['[2, 1]', '1', '[3, 2]']",232.66481608802752
"[2, 1]","[4, -3]","['[2, 1]', '-1', '[4, -3]']",140.23665728877313
"[2, 2]","[4, -4]","['[2, 2]', '1', '[2, -1]', '-2', '[4, -4]']",249.11323971597557
"[2, 1]",2,"['[2, 1]', '2']",106.72614342846423
"[2, 1]",1,"['[2, 1]', '1']",174.0093300663025
"[2, 1]",0,"['[2, 1]', '-1', '[4, -2]', '0']",217.62462821921432
"[2, 1]",-1,"['[2, 1]', '-1']",116.18393845427762
"[2, 1]","[4, 4]","['[2, 1]', '2', '[4, 4]']",151.86004342846422
"[2, 1]","[4, 2]","['[2, 1]', '2', '[4, 2]']",152.2792434284642
"[2, 0]","[1, 0]","['[2, 0]', '2', '[1, 0]']",196.72650107682972
"[2, 1]","[4, -1]","['[2, 1]', '1', '[4, -1]']",214.6357800382795
"[2, 0]","[2, 2]","['[2, 0]', '2', '[2, 2]']",203.95615224599314
"[2, 1]","[4, 1]","['[2, 1]', '2', '[4, 1]']",175.46192725299466
"[2, 0]","[2, 1]","['[2, 0]', '2', '[2, 1]']",180.56096084942914
"[2, 0]","[2, -1]","['[2, 0]', '-2', '[2, -1]']",230.18411498483283
"[2, 1]","[4, -2]","['[2, 1]', '-1', '[4, -2]']",188.9628757778428
"[2, 1]",-2,"['[2, 1]', '-1', '[3, -2]', '-2']",223.13859421424232
"[2, 1]","[1, 1]","['[2, 1]', '-1', '[1, 1]']",378.75851782894983
"[2, 0]","[3, 0]","['[2, 0]', '0', '[3, 0]']",177.2114819068075
"[2, 0]","[3, -1]","['[2, 0]', '-1', '[3, -1]']",188.36373941171627
"[2, 0]","[3, -2]","['[2, 0]', '-2', '[3, -2]']",199.59568229652854
"[2, 0]","[3, -3]","['[2, 0]', '-2', '[3, -3]']",191.08364298815556
"[2, 1]","[4, -4]","['[2, 1]', '-1', '[3, -2]', '-2', '[4, -4]']",244.13679421424231
"[2, 1]","[4, 3]","['[2, 1]', '2', '[4, 3]']",140.63284342846424
"[2, 0]","[1, 1]","['[2, 0]', '0', '[1, 1]']",281.19604263904523
"[2, 0]","[3, 2]","['[2, 0]', '0', '[3, 2]']",180.6352793966088
"[2, 0]","[2, -2]","['[2, 0]', '0', '[2, -2]']",200.5551813000056
"[2, 2]","[3, -3]","['[2, 2]', '1', '[2, -1]', '-2', '[3, -3]']",267.17213971597556
"[2, 0]","[4, -1]","['[2, 0]', '0', '[4, -1]']",166.79586143419175
"[2, 0]","[4, -2]","['[2, 0]', '0', '[4, -2]']",144.63911750579007
"[2, 0]","[4, -3]","['[2, 0]', '-1', '[4, -3]']",167.08714853493262
"[2, 0]",2,"['[2, 0]', '2']",73.8348174209649
"[2, 0]","[4, -4]","['[2, 0]', '-2', '[4, -4]']",173.02474298815557
"[2, 0]",0,"['[2, 0]', '0']",115.97736506441856
"[2, 0]",-1,"['[2, 0]', '-1']",143.03442970043713
"[2, 0]",-2,"['[2, 0]', '-2']",152.02654298815557
"[2, 0]",1,"['[2, 0]', '2', '[4, 2]', '1']",174.0117958817354
"[2, 0]","[3, 1]","['[2, 0]', '0', '[3, 1]']",158.54809421904116
"[2, 0]","[4, 4]","['[2, 0]', '2', '[4, 4]']",118.9687174209649
"[2, 1]","[1, -1]","['[2, 1]', '-1', '[1, -1]']",294.40955523786624
"[2, -1]","[1, -1]","['[2, -1]', '-2', '[1, -1]']",249.5873431387683
"[2, -1]","[2, 2]","['[2, -1]', '1', '[2, 2]']",149.95746771929828
"[2, -1]","[2, -2]","['[2, -1]', '-2', '[2, -2]']",174.60734467609615
"[2, -1]","[2, 0]","['[2, -1]', '-2', '[2, 0]']",230.18411498483283
"[2, -1]","[1, 1]","['[2, -1]', '1', '[1, 1]']",269.8201591977746
"[2, -1]","[1, 0]","['[2, -1]', '-2', '[1, 0]']",274.7549831881484
"[2, -1]","[3, 0]","['[2, -1]', '1', '[4, -1]', '0', '[3, 0]']",217.01149517599373
"[2, -1]","[2, 1]","['[2, -1]', '1', '[2, 1]']",238.34176205815712
"[2, -1]","[3, -1]","['[2, -1]', '-2', '[3, -1]']",144.65739010104858
"[2, -1]","[3, -3]","['[2, -1]', '-2', '[3, -3]']",117.21467199667728
"[2, -1]","[3, 2]","['[2, -1]', '1', '[3, 2]']",122.98791801357962
"[2, -1]","[3, -2]","['[2, -1]', '-2', '[3, -2]']",125.72671130505026
"[2, -1]","[3, 1]","['[2, -1]', '1', '[4, -1]', '0', '[3, 1]']",198.34810748822738
"[2, -1]","[4, 1]","['[2, -1]', '1', '[4, 1]']",111.12809775722323
"[2, -1]","[4, 0]","['[2, -1]', '1', '[4, 0]']",114.73926860126994
"[2, 0]","[1, -1]","['[2, 0]', '-1', '[1, -1]']",321.2600464840258
"[2, 0]","[4, 3]","['[2, 0]', '2', '[4, 3]']",107.7415174209649
"[2, -1]","[4, 2]","['[2, -1]', '1', '[4, 2]']",118.95631045262509
"[2, 0]","[4, 0]","['[2, 0]', '2', '[4, 0]']",149.053143854992
"[2, 0]","[4, 2]","['[2, 0]', '2', '[4, 2]']",119.3879174209649
"[2, -1]",1,"['[2, -1]', '1']",64.3324319918546
"[2, -1]","[3, 3]","['[2, -1]', '1', '[3, 3]']",116.91715927032091
"[2, -1]",0,"['[2, -1]', '1', '[4, -1]', '0']",155.7773783336048
"[2, -1]",-2,"['[2, -1]', '-2']",78.15757199667728
"[2, -1]",-1,"['[2, -1]', '-2', '[3, -2]', '-1']",185.112227756642
"[2, -2]","[1, 1]","['[2, -2]', '0', '[1, 1]']",249.7964938102137
"[2, -1]","[4, 3]","['[2, -1]', '1', '[4, 2]', '2', '[4, 3]']",198.4161104526251
"[2, -2]","[2, 2]","['[2, -2]', '0', '[2, 2]']",218.67063428954822
"[2, -1]","[4, -2]","['[2, -1]', '1', '[4, -1]', '0', '[4, -2]']",184.4391307749763
"[2, -2]","[2, 0]","['[2, -2]', '0', '[2, 0]']",200.5551813000056
"[2, -2]","[2, -1]","['[2, -2]', '-2', '[2, -1]']",174.60734467609615
"[2, -1]","[4, -1]","['[2, -1]', '1', '[4, -1]']",104.95888196383159
"[2, -1]",2,"['[2, -1]', '1', '[4, 2]', '2']",164.5094104526251
"[2, 0]","[4, 1]","['[2, 0]', '2', '[4, 1]']",142.57060124549534
"[2, -2]","[3, 0]","['[2, -2]', '-1', '[3, 0]']",144.38035764508535
"[2, -1]","[4, -4]","['[2, -1]', '-2', '[4, -4]']",99.15577199667727
"[2, -2]","[3, -2]","['[2, -2]', '-2', '[3, -2]']",144.01891198779185
"[2, -2]","[3, -3]","['[2, -2]', '-2', '[3, -3]']",135.50687267941888
"[2, -2]","[3, 2]","['[2, -2]', '0', '[3, 2]']",149.2357305677773
"[2, -1]","[4, -3]","['[2, -1]', '-2', '[3, -2]', '-1', '[4, -3]']",209.1649465911375
"[2, -2]","[1, -1]","['[2, -2]', '-2', '[1, -1]']",267.87954382150986
"[2, -2]","[3, -1]","['[2, -2]', '-1', '[3, -1]']",144.4558932539911
"[2, -2]","[3, 1]","['[2, -2]', '0', '[3, 1]']",127.14854539020963
"[2, -2]","[4, -1]","['[2, -2]', '0', '[4, -1]']",135.39631260536024
"[2, -2]","[2, 1]","['[2, -2]', '-1', '[2, 1]']",215.31052199698956
"[2, -2]","[4, -2]","['[2, -2]', '0', '[4, -2]']",113.23956867695853
"[2, -2]","[4, -4]","['[2, -2]', '-2', '[4, -4]']",117.44797267941887
"[2, -2]","[1, 0]","['[2, -2]', '-2', '[1, 0]']",293.04718387089
"[2, -2]","[4, 0]","['[2, -2]', '0', '[4, 0]']",152.89361134345418
"[2, -2]",0,"['[2, -2]', '0']",84.57781623558704
"[2, -2]",-1,"['[2, -2]', '-1']",99.12658354271196
"[2, -2]",-2,"['[2, -2]', '-2']",96.44977267941887
"[2, -2]",1,"['[2, -2]', '0', '[4, -1]', '1']",176.02276257733723
"[3, 3]","[1, 1]","['[3, 3]', '1', '[1, 1]']",258.0724544843863
"[2, -2]","[4, -3]","['[2, -2]', '-1', '[4, -3]']",123.17930237720745
"[3, 3]","[1, -1]","['[3, 3]', '1', '[1, -1]']",246.3891376097178
"[2, -2]","[4, 1]","['[2, -2]', '0', '[4, 1]']",218.40606836153603
"[2, -2]",2,"['[2, -2]', '0', '[4, 0]', '2']",228.11193777748127
"[3, 3]","[2, -1]","['[3, 3]', '1', '[2, -1]']",116.91715927032091
"[3, 3]","[2, 2]","['[3, 3]', '1', '[2, 2]']",138.20976300590996
"[3, 3]","[3, 2]","['[3, 3]', '1', '[3, 2]']",111.24021330019131
"[3, 3]","[3, 1]","['[3, 3]', '1', '[4, -1]', '0', '[3, 1]']",186.6004027748391
"[3, 3]","[1, 0]","['[3, 3]', '1', '[4, 2]', '2', '[1, 0]']",275.6533893951016
"[3, 3]","[3, -1]","['[3, 3]', '1', '[3, -1]']",229.18425946621824
"[2, 0]","[3, 3]","['[2, 0]', '2', '[4, 2]', '1', '[3, 3]']",226.59652316020168
"[3, 3]","[2, 1]","['[3, 3]', '1', '[2, 1]']",226.59405734476883
"[2, -2]","[4, 4]","['[2, -2]', '0', '[4, 0]', '2', '[4, 4]']",273.24583777748126
"[3, 3]","[4, 3]","['[3, 3]', '1', '[4, 2]', '2', '[4, 3]']",186.6684057392368
"[3, 3]","[4, 2]","['[3, 3]', '1', '[4, 2]']",107.20860573923679
"[3, 3]","[4, 1]","['[3, 3]', '1', '[4, 1]']",99.38039304383493
"[3, 3]","[2, -2]","['[3, 3]', '1', '[4, -1]', '0', '[2, -2]']",228.60748985580352
"[3, 3]","[2, 0]","['[3, 3]', '1', '[4, 2]', '2', '[2, 0]']",226.59652316020168
"[3, 3]","[3, 0]","['[3, 3]', '1', '[4, -1]', '0', '[3, 0]']",205.26379046260544
"[2, -2]","[4, 2]","['[2, -2]', '0', '[4, -1]', '1', '[4, 2]']",230.6466410381077
"[2, -2]","[4, 3]","['[2, -2]', '0', '[4, 0]', '2', '[4, 3]']",262.0186377774813
"[3, 3]",2,"['[3, 3]', '1', '[4, 2]', '2']",152.7617057392368
"[3, 3]",1,"['[3, 3]', '1']",52.5847272784663
"[3, 3]","[4, -1]","['[3, 3]', '1', '[4, -1]']",93.21117725044328
"[3, 3]","[4, 0]","['[3, 3]', '1', '[4, 0]']",102.99156388788164
"[2, -1]","[4, 4]","['[2, -1]', '1', '[4, 2]', '2', '[4, 4]']",209.6433104526251
"[3, 3]","[3, -2]","['[3, 3]', '1', '[2, -1]', '-2', '[3, -2]']",242.64387057537115
"[3, 3]",0,"['[3, 3]', '1', '[4, -1]', '0']",144.0296736202165
"[3, 2]","[1, -1]","['[3, 2]', '1', '[1, -1]']",252.45989635297653
"[3, 3]","[4, -3]","['[3, 3]', '1', '[4, -1]', '0', '[4, -2]', '-1', '[4, -3]']",269.5230822196487
"[3, 2]","[2, 2]","['[3, 2]', '1', '[2, 2]']",144.28052174916866
"[3, 2]","[2, 1]","['[3, 2]', '1', '[2, 1]']",232.66481608802752
"[3, 2]","[2, 0]","['[3, 2]', '0', '[2, 0]']",180.6352793966088
"[3, 2]","[2, -1]","['[3, 2]', '1', '[2, -1]']",122.98791801357962
"[3, 3]","[4, 4]","['[3, 3]', '1', '[4, 2]', '2', '[4, 4]']",197.89560573923677
"[3, 2]","[3, 1]","['[3, 2]', '0', '[3, 1]']",107.22864348681284
"[3, 2]","[3, 0]","['[3, 2]', '0', '[3, 0]']",125.89203117457919
"[3, 2]","[3, -1]","['[3, 2]', '0', '[3, -1]']",200.14303241792885
"[3, 3]","[3, -3]","['[3, 3]', '1', '[2, -1]', '-2', '[3, -3]']",234.13183126699818
"[2, -2]","[3, 3]","['[2, -2]', '0', '[4, -1]', '1', '[3, 3]']",228.60748985580352
"[3, 2]","[1, 1]","['[3, 2]', '0', '[1, 1]']",229.87659190681688
"[3, 3]",-2,"['[3, 3]', '1', '[2, -1]', '-2']",195.07473126699819
"[3, 2]","[3, 3]","['[3, 2]', '1', '[3, 3]']",111.24021330019131
"[3, 2]","[4, 1]","['[3, 2]', '1', '[4, 1]']",105.45115178709364
"[3, 2]","[2, -2]","['[3, 2]', '0', '[2, -2]']",149.2357305677773
"[3, 2]","[4, -1]","['[3, 2]', '1', '[4, -1]']",99.28193599370199
"[3, 2]","[4, -2]","['[3, 2]', '0', '[4, -2]']",93.31966677356175
"[3, 2]","[4, 2]","['[3, 2]', '1', '[4, 2]']",113.2793644824955
"[3, 2]","[4, 3]","['[3, 2]', '1', '[4, 2]', '2', '[4, 3]']",192.73916448249548
"[3, 2]","[4, 4]","['[3, 2]', '1', '[4, 2]', '2', '[4, 4]']",203.96636448249546
"[3, 2]",1,"['[3, 2]', '1']",58.65548602172501
"[3, 2]",2,"['[3, 2]', '1', '[4, 2]', '2']",158.83246448249548
"[3, 2]",0,"['[3, 2]', '0']",64.65791433219024
"[3, 3]",-1,"['[3, 3]', '1', '[4, -1]', '0', '[4, -2]', '-1']",245.47036338515318
"[3, 3]","[4, -2]","['[3, 3]', '1', '[4, -1]', '0', '[4, -2]']",172.691426061588
"[3, 1]","[1, 1]","['[3, 1]', '0', '[1, 1]']",207.78940672924924
"[3, 2]","[1, 0]","['[3, 2]', '1', '[4, 2]', '2', '[1, 0]']",281.7241481383603
"[3, 2]",-2,"['[3, 2]', '1', '[2, -1]', '-2']",201.14549001025688
"[3, 3]","[4, -4]","['[3, 3]', '1', '[2, -1]', '-2', '[4, -4]']",216.07293126699818
"[3, 1]","[2, 0]","['[3, 1]', '0', '[2, 0]']",158.54809421904116
"[3, 1]","[2, 2]","['[3, 1]', '0', '[2, 2]']",176.66354720858376
"[3, 1]","[2, -2]","['[3, 1]', '0', '[2, -2]']",127.14854539020963
"[3, 2]","[3, -3]","['[3, 2]', '1', '[2, -1]', '-2', '[3, -3]']",240.20259001025687
"[3, 1]","[3, 3]","['[3, 1]', '0', '[4, -1]', '1', '[3, 3]']",186.6004027748391
"[3, 1]","[3, 0]","['[3, 1]', '0', '[3, 0]']",103.80484599701154
"[3, 1]","[3, -1]","['[3, 1]', '-1', '[3, -1]']",142.85651183090496
"[3, 2]","[4, 0]","['[3, 2]', '1', '[4, 0]']",109.06232263114035
"[3, 1]","[1, -1]","['[3, 1]', '0', '[1, -1]']",265.4568112044112
"[3, 1]","[2, -1]","['[3, 1]', '0', '[4, -1]', '1', '[2, -1]']",198.34810748822738
"[3, 1]","[3, -3]","['[3, 1]', '-1', '[3, -3]']",206.0819516804463
"[3, 1]","[4, 2]","['[3, 1]', '0', '[4, -1]', '1', '[4, 2]']",188.63955395714328
"[3, 1]","[3, -2]","['[3, 1]', '-1', '[3, -2]']",156.91271857121757
"[3, 1]","[4, 0]","['[3, 1]', '0', '[4, 0]']",110.88652426248974
"[3, 1]","[3, 2]","['[3, 1]', '0', '[3, 2]']",107.22864348681284
"[3, 1]","[2, 1]","['[3, 1]', '-1', '[2, 1]']",213.71114057390344
"[3, 2]",-1,"['[3, 2]', '0', '[4, -2]', '-1']",166.09860409712695
"[3, 1]","[4, 1]","['[3, 1]', '0', '[4, 1]']",176.39898128057158
"[3, 1]","[4, -3]","['[3, 1]', '-1', '[4, -3]']",121.57992095412132
"[3, 1]",1,"['[3, 1]', '0', '[4, -1]', '1']",134.01567549637278
"[3, 1]",0,"['[3, 1]', '0']",42.5707291546226
"[3, 2]","[3, -2]","['[3, 2]', '0', '[4, -2]', '-1', '[3, -2]']",225.4841205487187
"[3, 1]","[4, -2]","['[3, 1]', '0', '[4, -2]']",71.2324815959941
"[3, 1]","[4, 3]","['[3, 1]', '0', '[4, 0]', '2', '[4, 3]']",220.01155069651685
"[3, 1]","[1, 0]","['[3, 1]', '0', '[4, 0]', '2', '[1, 0]']",308.9965343523817
"[3, 2]","[4, -4]","['[3, 2]', '1', '[2, -1]', '-2', '[4, -4]']",222.14369001025688
"[3, 1]",-1,"['[3, 1]', '-1']",97.52720211962583
"[3, 0]","[2, 2]","['[3, 0]', '0', '[2, 2]']",195.3269348963501
"[3, 0]","[2, 0]","['[3, 0]', '0', '[2, 0]']",177.2114819068075
"[3, 2]","[4, -3]","['[3, 2]', '0', '[4, -2]', '-1', '[4, -3]']",190.15132293162245
"[3, 1]","[4, -1]","['[3, 1]', '0', '[4, -1]']",93.3892255243958
"[3, 0]","[2, -2]","['[3, 0]', '-1', '[2, -2]']",144.38035764508535
"[3, 1]",2,"['[3, 1]', '0', '[4, 0]', '2']",186.10485069651685
"[3, 0]","[2, 1]","['[3, 0]', '-1', '[2, 1]']",161.43771255665104
"[3, 0]","[3, -1]","['[3, 0]', '-1', '[3, -1]']",90.58308381365254
"[3, 0]","[3, -2]","['[3, 0]', '-1', '[3, -2]']",104.63929055396514
"[3, 0]","[1, 1]","['[3, 0]', '0', '[1, 1]']",226.45279441701558
"[3, 0]","[3, -3]","['[3, 0]', '-1', '[3, -3]']",153.80852366319385
"[3, 0]","[1, -1]","['[3, 0]', '-1', '[1, -1]']",223.47939088596203
"[3, 0]","[2, -1]","['[3, 0]', '0', '[4, -1]', '1', '[2, -1]']",217.01149517599373
"[3, 0]","[4, 1]","['[3, 0]', '0', '[4, 1]']",195.06236896833792
"[3, 1]","[4, 4]","['[3, 1]', '0', '[4, 0]', '2', '[4, 4]']",231.23875069651683
"[3, 0]","[4, 2]","['[3, 0]', '0', '[4, -1]', '1', '[4, 2]']",207.3029416449096
"[3, 0]","[3, 1]","['[3, 0]', '0', '[3, 1]']",103.80484599701154
"[3, 0]","[4, -1]","['[3, 0]', '0', '[4, -1]']",112.05261321216214
"[3, 0]","[1, 0]","['[3, 0]', '2', '[1, 0]']",314.6420882081534
"[3, 0]",2,"['[3, 0]', '2']",191.75040455228853
"[3, 0]",1,"['[3, 0]', '0', '[4, -1]', '1']",152.67906318413912
"[3, 0]",0,"['[3, 0]', '0']",61.23411684238894
"[3, 0]",-1,"['[3, 0]', '-1']",45.2537741023734
"[3, 0]","[4, 3]","['[3, 0]', '2', '[4, 3]']",225.65710455228853
"[3, 1]",-2,"['[3, 1]', '-1', '[3, -2]', '-2']",204.48185787959054
"[3, 0]","[4, -4]","['[3, 0]', '-1', '[3, -2]', '-2', '[4, -4]']",173.2066298623381
"[3, 0]","[4, -2]","['[3, 0]', '0', '[4, -2]']",89.89586928376045
"[3, 0]","[4, -3]","['[3, 0]', '-1', '[4, -3]']",69.30649293686889
"[3, 0]","[3, 2]","['[3, 0]', '0', '[3, 2]']",125.89203117457919
"[3, -1]","[2, 0]","['[3, -1]', '-1', '[2, 0]']",188.36373941171627
"[3, -1]","[2, -1]","['[3, -1]', '-2', '[2, -1]']",144.65739010104858
"[3, -1]","[2, 2]","['[3, -1]', '1', '[2, 2]']",262.22456791519556
"[3, -1]","[2, -2]","['[3, -1]', '-1', '[2, -2]']",144.4558932539911
"[3, -1]","[3, 2]","['[3, -1]', '0', '[3, 2]']",200.14303241792885
"[3, -1]","[3, 1]","['[3, -1]', '-1', '[3, 1]']",142.85651183090496
"[3, 0]",-2,"['[3, 0]', '-1', '[3, -2]', '-2']",152.2084298623381
"[3, 0]","[4, 4]","['[3, 0]', '2', '[4, 4]']",236.88430455228854
"[3, -1]","[3, -3]","['[3, -1]', '-2', '[3, -3]']",105.5569181043713
"[3, 1]","[4, -4]","['[3, 1]', '-1', '[3, -2]', '-2', '[4, -4]']",225.48005787959053
"[3, -1]","[2, 1]","['[3, -1]', '-1', '[2, 1]']",161.51324816555675
"[3, -1]","[4, 2]","['[3, -1]', '1', '[4, 2]']",231.22341064852242
"[3, -1]","[4, 3]","['[3, -1]', '-1', '[2, 0]', '2', '[4, 3]']",296.10525683268116
"[3, -1]","[4, 1]","['[3, -1]', '1', '[4, 1]']",223.39519795312054
"[3, -1]","[4, 0]","['[3, -1]', '0', '[4, 0]']",203.80091319360577
"[3, -1]","[4, -2]","['[3, -1]', '-1', '[4, -2]']",118.10824703484431
"[3, -1]","[4, -1]","['[3, -1]', '0', '[4, -1]']",186.30361445551182
"[3, -1]","[4, -4]","['[3, -1]', '-2', '[4, -4]']",87.4980181043713
"[3, -1]","[1, -1]","['[3, -1]', '-1', '[1, -1]']",223.55492649486777
"[3, -1]",1,"['[3, -1]', '1']",176.59953218775192
"[3, -1]",0,"['[3, -1]', '0']",135.4851180857386
"[3, -1]",-1,"['[3, -1]', '-1']",45.32930971127913
"[3, -1]",-2,"['[3, -1]', '-2']",66.4998181043713
"[3, -1]",2,"['[3, -1]', '-1', '[2, 0]', '2']",262.19855683268116
"[3, -2]","[1, 0]","['[3, -2]', '-2', '[1, 0]']",244.1665504998441
"[3, -2]","[1, -1]","['[3, -2]', '-2', '[1, -1]']",218.99891045046397
"[3, 0]","[4, 0]","['[3, 0]', '0', '[4, 0]']",129.5499119502561
"[3, -1]","[3, 0]","['[3, -1]', '-1', '[3, 0]']",90.58308381365254
"[3, -1]","[3, -2]","['[3, -1]', '-1', '[3, -2]']",104.71482616287088
"[3, -2]","[2, -1]","['[3, -2]', '-2', '[2, -1]']",125.72671130505026
"[3, -2]","[2, -2]","['[3, -2]', '-2', '[2, -2]']",144.01891198779185
"[3, -1]","[1, 1]","['[3, -1]', '0', '[1, 1]']",300.70379566036524
"[3, -1]","[4, -3]","['[3, -1]', '-1', '[4, -3]']",69.38202854577463
"[3, -2]","[2, 1]","['[3, -2]', '-1', '[2, 1]']",175.56945490586935
"[3, -2]","[2, 0]","['[3, -2]', '-2', '[2, 0]']",199.59568229652854
"[3, -1]","[1, 0]","['[3, -1]', '-2', '[1, 0]']",263.09722929584245
"[3, -2]","[3, -3]","['[3, -2]', '-2', '[3, -3]']",86.62623930837297
"[3, -1]","[3, 3]","['[3, -1]', '1', '[3, 3]']",229.18425946621824
"[3, -2]","[3, 1]","['[3, -2]', '-1', '[3, 1]']",156.91271857121757
"[3, -2]","[3, 2]","['[3, -2]', '-1', '[4, -2]', '0', '[3, 2]']",225.48412054871866
"[3, 0]","[3, 3]","['[3, 0]', '0', '[4, -1]', '1', '[3, 3]']",205.2637904626054
"[3, -2]","[4, 0]","['[3, -2]', '-1', '[4, -2]', '0', '[4, 0]']",229.14200132439555
"[3, -2]","[4, 1]","['[3, -2]', '-2', '[2, -1]', '1', '[4, 1]']",236.8548090622735
"[3, -2]","[3, 0]","['[3, -2]', '-1', '[3, 0]']",104.63929055396514
"[3, -2]","[4, -2]","['[3, -2]', '-1', '[4, -2]']",132.16445377515691
"[3, -2]","[4, -4]","['[3, -2]', '-2', '[4, -4]']",68.56733930837298
"[3, -2]","[3, -1]","['[3, -2]', '-1', '[3, -1]']",104.71482616287088
"[3, -2]","[1, 1]","['[3, -2]', '-1', '[1, 1]']",321.96009582626397
"[3, -2]",0,"['[3, -2]', '-1', '[4, -2]', '0']",160.82620621652842
"[3, -2]",-1,"['[3, -2]', '-1']",59.38551645159174
"[3, -2]",-2,"['[3, -2]', '-2']",47.569139308372975
"[3, -2]","[4, -3]","['[3, -2]', '-1', '[4, -3]']",83.43823528608723
"[3, -3]","[1, 0]","['[3, -3]', '-2', '[1, 0]']",235.65451119147113
"[3, -1]","[4, 4]","['[3, -1]', '-1', '[2, 0]', '2', '[4, 4]']",307.33245683268115
"[3, -2]","[4, -1]","['[3, -2]', '-1', '[4, -2]', '0', '[4, -1]']",211.6447025863016
"[3, -3]","[2, 1]","['[3, -3]', '-1', '[2, 1]']",224.7386880150981
"[3, -2]",1,"['[3, -2]', '-2', '[2, -1]', '1']",190.05914329690486
"[3, -3]","[1, -1]","['[3, -3]', '-2', '[1, -1]']",210.486871142091
"[3, -3]","[2, -2]","['[3, -3]', '-2', '[2, -2]']",135.50687267941888
"[3, -2]",2,"['[3, -2]', '-2', '[2, 0]', '2']",273.43049971749343
"[3, -3]","[2, 0]","['[3, -3]', '-2', '[2, 0]']",191.08364298815556
"[3, -3]","[2, -1]","['[3, -3]', '-2', '[2, -1]']",117.21467199667728
"[3, -3]","[3, 0]","['[3, -3]', '-1', '[3, 0]']",153.80852366319385
"[3, -3]","[3, -1]","['[3, -3]', '-2', '[3, -1]']",105.5569181043713
"[3, -3]","[3, -2]","['[3, -3]', '-2', '[3, -2]']",86.62623930837297
"[3, -3]","[3, 1]","['[3, -3]', '-1', '[3, 1]']",206.0819516804463
"[3, -2]","[4, 4]","['[3, -2]', '-2', '[2, 0]', '2', '[4, 4]']",318.5643997174934
"[3, -2]","[4, 2]","['[3, -2]', '-2', '[2, -1]', '1', '[4, 2]']",244.68302175767536
"[3, -3]","[2, 2]","['[3, -3]', '-2', '[2, -1]', '1', '[2, 2]']",267.17213971597556
"[3, -2]","[3, 3]","['[3, -2]', '-2', '[2, -1]', '1', '[3, 3]']",242.64387057537118
"[3, -2]","[4, 3]","['[3, -2]', '-2', '[2, 0]', '2', '[4, 3]']",307.33719971749343
"[3, -2]","[2, 2]","['[3, -2]', '-2', '[2, -1]', '1', '[2, 2]']",275.6841790243485
"[3, -3]","[4, -3]","['[3, -3]', '-1', '[4, -3]']",132.60746839531598
"[3, -3]","[4, -4]","['[3, -3]', '-2', '[4, -4]']",60.0553
"[3, -3]","[4, -2]","['[3, -3]', '-1', '[4, -2]']",181.33368688438566
"[3, -3]","[4, 1]","['[3, -3]', '-2', '[2, -1]', '1', '[4, 1]']",228.3427697539005
"[3, -3]","[4, 2]","['[3, -3]', '-2', '[2, -1]', '1', '[4, 2]']",236.17098244930236
"[3, -3]",-1,"['[3, -3]', '-1']",108.55474956082047
"[3, -3]",-2,"['[3, -3]', '-2']",39.0571
"[3, -3]",2,"['[3, -3]', '-2', '[2, 0]', '2']",264.9184604091205
"[4, 4]","[1, 0]","['[4, 4]', '2', '[1, 0]']",168.02558365586484
"[3, -3]","[4, -1]","['[3, -3]', '-2', '[2, -1]', '1', '[4, -1]']",222.17355396050885
"[4, 4]","[2, 2]","['[4, 4]', '2', '[2, 2]']",175.25523482502825
"[4, 4]","[2, 1]","['[4, 4]', '2', '[2, 1]']",151.86004342846422
"[4, 4]","[2, 0]","['[4, 4]', '2', '[2, 0]']",118.9687174209649
"[3, -3]",1,"['[3, -3]', '-2', '[2, -1]', '1']",181.5471039885319
"[3, -3]","[3, 2]","['[3, -3]', '-2', '[2, -1]', '1', '[3, 2]']",240.2025900102569
"[3, -3]","[4, 4]","['[3, -3]', '-2', '[2, 0]', '2', '[4, 4]']",310.05236040912047
"[3, -3]",0,"['[3, -3]', '-1', '[4, -2]', '0']",209.99543932575716
"[4, 4]","[3, 1]","['[4, 4]', '2', '[4, 0]', '0', '[3, 1]']",231.23875069651683
"[3, -3]","[4, 0]","['[3, -3]', '-2', '[2, -1]', '1', '[4, 0]']",231.95394059794722
"[4, 4]","[1, 1]","['[4, 4]', '2', '[4, 2]', '1', '[1, 1]']",350.7986056666905
"[3, -3]","[1, 1]","['[3, -3]', '-1', '[1, 1]']",371.1293289354927
"[4, 4]","[3, 0]","['[4, 4]', '2', '[3, 0]']",236.88430455228854
"[4, 4]","[4, 3]","['[4, 4]', '2', '[4, 3]']",79.0406
"[4, 4]","[4, 2]","['[4, 4]', '2', '[4, 2]']",90.687
"[4, 4]","[4, 1]","['[4, 4]', '2', '[4, 1]']",113.86968382453044
"[4, 4]","[4, 0]","['[4, 4]', '2', '[4, 0]']",120.35222643402709
"[4, 4]","[3, 2]","['[4, 4]', '2', '[4, 2]', '1', '[3, 2]']",203.9663644824955
"[3, -3]","[4, 3]","['[3, -3]', '-2', '[2, 0]', '2', '[4, 3]']",298.8251604091205
"[4, 4]","[4, -2]","['[4, 4]', '2', '[4, 0]', '0', '[4, -2]']",217.32977398326574
"[4, 4]","[4, -3]","['[4, 4]', '2', '[2, 0]', '-1', '[4, -3]']",286.05586595589756
"[4, 4]",2,"['[4, 4]', '2']",45.1339
"[4, 4]",1,"['[4, 4]', '2', '[4, 2]', '1']",145.31087846077048
"[4, 4]",0,"['[4, 4]', '2', '[4, 0]', '0']",188.66802154189423
"[4, 4]","[4, -1]","['[4, 4]', '2', '[4, 2]', '1', '[4, -1]']",185.93732843274745
"[4, 4]","[2, -1]","['[4, 4]', '2', '[4, 2]', '1', '[2, -1]']",209.6433104526251
"[3, -3]","[3, 3]","['[3, -3]', '-2', '[2, -1]', '1', '[3, 3]']",234.13183126699818
"[4, 3]","[1, 0]","['[4, 3]', '2', '[1, 0]']",156.79838365586482
"[4, 4]","[3, -1]","['[4, 4]', '2', '[2, 0]', '-1', '[3, -1]']",307.33245683268115
"[4, 3]","[2, 2]","['[4, 3]', '2', '[2, 2]']",164.02803482502824
"[4, 4]",-1,"['[4, 4]', '2', '[2, 0]', '-1']",262.00314712140204
"[4, 4]","[4, -4]","['[4, 4]', '2', '[2, 0]', '-2', '[4, -4]']",291.9934604091205
"[4, 3]","[2, 0]","['[4, 3]', '2', '[2, 0]']",107.7415174209649
"[4, 4]","[3, 3]","['[4, 4]', '2', '[4, 2]', '1', '[3, 3]']",197.89560573923677
"[4, 4]",-2,"['[4, 4]', '2', '[2, 0]', '-2']",270.9952604091205
"[4, 4]","[3, -2]","['[4, 4]', '2', '[2, 0]', '-2', '[3, -2]']",318.5643997174935
"[4, 3]","[3, 3]","['[4, 3]', '2', '[4, 2]', '1', '[3, 3]']",186.6684057392368
"[4, 3]","[2, -1]","['[4, 3]', '2', '[4, 2]', '1', '[2, -1]']",198.4161104526251
"[4, 3]","[3, 1]","['[4, 3]', '2', '[4, 0]', '0', '[3, 1]']",220.01155069651685
"[4, 4]","[3, -3]","['[4, 4]', '2', '[2, 0]', '-2', '[3, -3]']",310.05236040912047
"[4, 4]","[2, -2]","['[4, 4]', '2', '[4, 0]', '0', '[2, -2]']",273.24583777748126
"[4, 3]","[4, 4]","['[4, 3]', '2', '[4, 4]']",79.0406
"[4, 3]","[3, 0]","['[4, 3]', '2', '[3, 0]']",225.65710455228853
"[4, 3]","[1, 1]","['[4, 3]', '2', '[4, 2]', '1', '[1, 1]']",339.5714056666905
"[4, 3]","[2, -2]","['[4, 3]', '2', '[4, 0]', '0', '[2, -2]']",262.0186377774813
"[4, 3]","[4, 0]","['[4, 3]', '2', '[4, 0]']",109.12502643402709
"[4, 3]","[4, -1]","['[4, 3]', '2', '[4, 2]', '1', '[4, -1]']",174.71012843274747
"[4, 3]","[4, 2]","['[4, 3]', '2', '[4, 2]']",79.4598
"[4, 3]","[2, 1]","['[4, 3]', '2', '[2, 1]']",140.63284342846424
"[4, 3]",2,"['[4, 3]', '2']",33.9067
"[4, 3]",1,"['[4, 3]', '2', '[4, 2]', '1']",134.0836784607705
"[4, 4]","[1, -1]","['[4, 4]', '2', '[4, 2]', '1', '[1, -1]']",339.115288792022
"[4, 3]","[4, 1]","['[4, 3]', '2', '[4, 1]']",102.64248382453044
"[4, 3]","[3, -1]","['[4, 3]', '2', '[2, 0]', '-1', '[3, -1]']",296.10525683268116
"[4, 3]","[3, -3]","['[4, 3]', '2', '[2, 0]', '-2', '[3, -3]']",298.8251604091205
"[4, 2]","[1, 0]","['[4, 2]', '2', '[1, 0]']",168.44478365586485
"[4, 3]","[3, 2]","['[4, 3]', '2', '[4, 2]', '1', '[3, 2]']",192.7391644824955
"[4, 3]",0,"['[4, 3]', '2', '[4, 0]', '0']",177.44082154189425
"[4, 3]",-2,"['[4, 3]', '2', '[2, 0]', '-2']",259.7680604091205
"[4, 2]","[2, 0]","['[4, 2]', '2', '[2, 0]']",119.3879174209649
"[4, 2]","[1, -1]","['[4, 2]', '1', '[1, -1]']",248.428288792022
"[4, 2]","[1, 1]","['[4, 2]', '1', '[1, 1]']",260.1116056666905
"[4, 2]","[3, 3]","['[4, 2]', '1', '[3, 3]']",107.20860573923679
"[4, 2]","[3, 2]","['[4, 2]', '1', '[3, 2]']",113.2793644824955
"[4, 3]","[1, -1]","['[4, 3]', '2', '[4, 2]', '1', '[1, -1]']",327.888088792022
"[4, 2]","[3, 1]","['[4, 2]', '1', '[4, -1]', '0', '[3, 1]']",188.63955395714328
"[4, 2]","[2, 2]","['[4, 2]', '1', '[2, 2]']",140.24891418821414
"[4, 2]","[3, 0]","['[4, 2]', '1', '[4, -1]', '0', '[3, 0]']",207.30294164490962
"[4, 2]","[2, 1]","['[4, 2]', '2', '[2, 1]']",152.2792434284642
"[4, 3]","[4, -2]","['[4, 3]', '2', '[4, 0]', '0', '[4, -2]']",206.10257398326576
"[4, 3]",-1,"['[4, 3]', '2', '[2, 0]', '-1']",250.77594712140203
"[4, 2]","[4, 3]","['[4, 2]', '2', '[4, 3]']",79.4598
"[4, 2]","[2, -1]","['[4, 2]', '1', '[2, -1]']",118.95631045262509
"[4, 2]","[4, -1]","['[4, 2]', '1', '[4, -1]']",95.25032843274747
"[4, 3]","[3, -2]","['[4, 3]', '2', '[2, 0]', '-2', '[3, -2]']",307.3371997174935
"[4, 2]","[3, -1]","['[4, 2]', '1', '[3, -1]']",231.22341064852242
"[4, 3]","[4, -3]","['[4, 3]', '2', '[2, 0]', '-1', '[4, -3]']",274.8286659558975
"[4, 2]",2,"['[4, 2]', '2']",45.5531
"[4, 2]",1,"['[4, 2]', '1']",54.623878460770484
"[4, 2]",0,"['[4, 2]', '1', '[4, -1]', '0']",146.06882480252068
"[4, 2]","[4, 4]","['[4, 2]', '2', '[4, 4]']",90.687
"[4, 2]","[4, 0]","['[4, 2]', '1', '[4, 0]']",105.03071507018582
"[4, 2]","[4, 1]","['[4, 2]', '1', '[4, 1]']",101.41954422613911
"[4, 2]","[2, -2]","['[4, 2]', '1', '[4, -1]', '0', '[2, -2]']",230.6466410381077
"[4, 3]","[4, -4]","['[4, 3]', '2', '[2, 0]', '-2', '[4, -4]']",280.7662604091205
"[4, 2]","[4, -2]","['[4, 2]', '1', '[4, -1]', '0', '[4, -2]']",174.73057724389218
"[4, 1]","[1, 1]","['[4, 1]', '1', '[1, 1]']",252.28339297128863
"[4, 2]",-2,"['[4, 2]', '1', '[2, -1]', '-2']",197.11388244930237
"[4, 1]","[2, 2]","['[4, 1]', '1', '[2, 2]']",132.42070149281227
"[4, 1]","[2, -1]","['[4, 1]', '1', '[2, -1]']",111.12809775722323
"[4, 2]","[4, -3]","['[4, 2]', '1', '[4, -1]', '0', '[4, -2]', '-1', '[4, -3]']",271.5622334019529
"[4, 1]","[3, 2]","['[4, 1]', '1', '[3, 2]']",105.45115178709364
"[4, 1]","[3, 1]","['[4, 1]', '0', '[3, 1]']",176.39898128057158
"[4, 2]","[3, -3]","['[4, 2]', '1', '[2, -1]', '-2', '[3, -3]']",236.17098244930236
"[4, 1]","[2, 0]","['[4, 1]', '2', '[2, 0]']",142.57060124549534
"[4, 2]","[4, -4]","['[4, 2]', '1', '[2, -1]', '-2', '[4, -4]']",218.11208244930236
"[4, 1]","[3, -1]","['[4, 1]', '1', '[3, -1]']",223.39519795312054
"[4, 1]","[2, -2]","['[4, 1]', '0', '[2, -2]']",218.40606836153603
"[4, 2]",-1,"['[4, 2]', '1', '[4, -1]', '0', '[4, -2]', '-1']",247.50951456745736
"[4, 1]","[1, 0]","['[4, 1]', '2', '[1, 0]']",191.6274674803953
"[4, 1]","[3, 3]","['[4, 1]', '1', '[3, 3]']",99.38039304383493
"[4, 1]","[3, 0]","['[4, 1]', '0', '[3, 0]']",195.06236896833792
"[4, 2]","[3, -2]","['[4, 2]', '1', '[2, -1]', '-2', '[3, -2]']",244.68302175767533
"[4, 1]","[4, 0]","['[4, 1]', '1', '[4, 0]']",97.20250237478396
"[4, 1]","[4, 3]","['[4, 1]', '2', '[4, 3]']",102.64248382453044
"[4, 1]",2,"['[4, 1]', '2']",68.73578382453044
"[4, 1]","[4, 2]","['[4, 1]', '1', '[4, 2]']",101.41954422613911
"[4, 1]",0,"['[4, 1]', '0']",133.82825212594898
"[4, 1]",1,"['[4, 1]', '1']",46.795665765368625
"[4, 1]",-1,"['[4, 1]', '0', '[4, -2]', '-1']",235.26894189088569
"[4, 1]","[3, -3]","['[4, 1]', '1', '[2, -1]', '-2', '[3, -3]']",228.34276975390048
"[4, 0]","[1, 1]","['[4, 0]', '0', '[1, 1]']",233.5344726824938
"[4, 1]","[1, -1]","['[4, 1]', '1', '[1, -1]']",240.60007609662014
"[4, 1]","[4, -1]","['[4, 1]', '1', '[4, -1]']",87.4221157373456
"[4, 1]","[2, 1]","['[4, 1]', '2', '[2, 1]']",175.46192725299466
"[4, 0]","[1, 0]","['[4, 0]', '2', '[1, 0]']",198.11001008989194
"[4, 1]","[4, 4]","['[4, 1]', '2', '[4, 4]']",113.86968382453044
"[4, 0]","[2, 2]","['[4, 0]', '1', '[2, 2]']",136.031872336859
"[4, 1]","[4, -2]","['[4, 1]', '0', '[4, -2]']",162.49000456732048
"[4, 0]","[3, 3]","['[4, 0]', '1', '[3, 3]']",102.99156388788164
"[4, 0]","[2, 0]","['[4, 0]', '2', '[2, 0]']",149.053143854992
"[4, 0]","[3, 0]","['[4, 0]', '0', '[3, 0]']",129.5499119502561
"[4, 0]","[2, -1]","['[4, 0]', '1', '[2, -1]']",114.73926860126994
"[4, 1]",-2,"['[4, 1]', '1', '[2, -1]', '-2']",189.2856697539005
"[4, 0]","[2, -2]","['[4, 0]', '0', '[2, -2]']",152.89361134345418
"[4, 0]","[2, 1]","['[4, 0]', '2', '[2, 1]']",181.9444698624913
"[4, 1]","[3, -2]","['[4, 1]', '1', '[2, -1]', '-2', '[3, -2]']",236.85480906227346
"[4, 0]","[4, 2]","['[4, 0]', '1', '[4, 2]']",105.03071507018582
"[4, 0]","[3, 1]","['[4, 0]', '0', '[3, 1]']",110.88652426248974
"[4, 0]","[4, 1]","['[4, 0]', '1', '[4, 1]']",97.20250237478396
"[4, 0]","[4, -2]","['[4, 0]', '0', '[4, -2]']",96.97754754923864
"[4, 0]","[1, -1]","['[4, 0]', '1', '[1, -1]']",244.21124694066685
"[4, 1]","[4, -4]","['[4, 1]', '1', '[2, -1]', '-2', '[4, -4]']",210.2838697539005
"[4, 0]",2,"['[4, 0]', '2']",75.21832643402709
"[4, 0]","[4, 4]","['[4, 0]', '2', '[4, 4]']",120.35222643402709
"[4, 0]",0,"['[4, 0]', '0']",68.31579510786715
"[4, 0]",1,"['[4, 0]', '1']",50.406836609415336
"[4, 0]",-1,"['[4, 0]', '0', '[4, -2]', '-1']",169.7564848728038
"[4, 0]",-2,"['[4, 0]', '1', '[2, -1]', '-2']",192.89684059794723
"[4, 0]","[3, 2]","['[4, 0]', '1', '[3, 2]']",109.06232263114035
"[4, 0]","[4, -1]","['[4, 0]', '1', '[4, -1]']",91.03328658139232
"[4, 0]","[4, 3]","['[4, 0]', '2', '[4, 3]']",109.12502643402709
"[4, 0]","[3, -1]","['[4, 0]', '0', '[3, -1]']",203.80091319360577
"[4, 1]","[4, -3]","['[4, 1]', '0', '[4, -2]', '-1', '[4, -3]']",259.3216607253812
"[4, -1]","[1, 1]","['[4, -1]', '0', '[1, 1]']",216.03717394439985
"[4, -1]","[2, 1]","['[4, -1]', '1', '[2, 1]']",214.6357800382795
"[4, -1]","[2, 0]","['[4, -1]', '0', '[2, 0]']",166.79586143419175
"[4, -1]","[3, 3]","['[4, -1]', '1', '[3, 3]']",93.21117725044328
"[4, -1]","[3, 1]","['[4, -1]', '0', '[3, 1]']",93.3892255243958
"[4, 0]","[4, -4]","['[4, 0]', '1', '[2, -1]', '-2', '[4, -4]']",213.89504059794723
"[4, -1]","[3, 0]","['[4, -1]', '0', '[3, 0]']",112.05261321216214
"[4, -1]","[3, -1]","['[4, -1]', '0', '[3, -1]']",186.30361445551182
"[4, -1]","[2, -1]","['[4, -1]', '1', '[2, -1]']",104.95888196383159
"[4, -1]","[2, -2]","['[4, -1]', '0', '[2, -2]']",135.39631260536024
"[4, -1]","[2, 2]","['[4, -1]', '1', '[2, 2]']",126.25148569942064
"[4, -1]","[3, 2]","['[4, -1]', '1', '[3, 2]']",99.28193599370199
"[4, 0]","[3, -2]","['[4, 0]', '0', '[4, -2]', '-1', '[3, -2]']",229.14200132439555
"[4, -1]","[4, 1]","['[4, -1]', '1', '[4, 1]']",87.4221157373456
"[4, -1]","[3, -2]","['[4, -1]', '0', '[4, -2]', '-1', '[3, -2]']",211.6447025863016
"[4, -1]","[4, -3]","['[4, -1]', '0', '[4, -2]', '-1', '[4, -3]']",176.31190496920536
"[4, 0]","[3, -3]","['[4, 0]', '1', '[2, -1]', '-2', '[3, -3]']",231.95394059794722
"[4, -1]","[4, 3]","['[4, -1]', '1', '[4, 2]', '2', '[4, 3]']",174.71012843274747
"[4, -1]",1,"['[4, -1]', '1']",40.62644997197698
"[4, -1]",0,"['[4, -1]', '0']",50.8184963697732
"[4, -1]","[4, 0]","['[4, -1]', '1', '[4, 0]']",91.03328658139232
"[4, -1]","[1, 0]","['[4, -1]', '1', '[4, 2]', '2', '[1, 0]']",263.6951120886123
"[4, -1]","[4, -2]","['[4, -1]', '0', '[4, -2]']",79.48024881114469
"[4, -2]","[1, 1]","['[4, -2]', '0', '[1, 1]']",193.88043001599814
"[4, -1]","[4, -4]","['[4, -1]', '1', '[2, -1]', '-2', '[4, -4]']",204.11465396050886
"[4, -2]","[1, -1]","['[4, -2]', '-1', '[1, -1]']",251.0045541071538
"[4, -2]","[2, 2]","['[4, -2]', '0', '[2, 2]']",162.75457049533267
"[4, -2]","[2, 1]","['[4, -2]', '-1', '[2, 1]']",188.9628757778428
"[4, -2]","[2, 0]","['[4, -2]', '0', '[2, 0]']",144.63911750579007
"[4, -2]","[2, -2]","['[4, -2]', '0', '[2, -2]']",113.23956867695853
"[4, -1]",-1,"['[4, -1]', '0', '[4, -2]', '-1']",152.25918613470986
"[4, -2]","[3, 2]","['[4, -2]', '0', '[3, 2]']",93.31966677356175
"[4, -2]","[3, 1]","['[4, -2]', '0', '[3, 1]']",71.2324815959941
"[4, -1]","[1, -1]","['[4, -1]', '1', '[1, -1]']",234.43086030322849
"[4, -1]","[3, -3]","['[4, -1]', '1', '[2, -1]', '-2', '[3, -3]']",222.17355396050885
"[4, -2]","[3, -1]","['[4, -2]', '-1', '[3, -1]']",118.10824703484431
"[4, -2]","[3, -2]","['[4, -2]', '-1', '[3, -2]']",132.16445377515691
"[4, -1]",2,"['[4, -1]', '1', '[4, 2]', '2']",140.80342843274747
"[4, -1]","[4, 2]","['[4, -1]', '1', '[4, 2]']",95.25032843274747
"[4, -2]","[2, -1]","['[4, -2]', '0', '[4, -1]', '1', '[2, -1]']",184.43913077497626
"[4, -1]",-2,"['[4, -1]', '1', '[2, -1]', '-2']",183.11645396050886
"[4, -2]","[4, 0]","['[4, -2]', '0', '[4, 0]']",96.97754754923864
"[4, 0]","[4, -3]","['[4, 0]', '0', '[4, -2]', '-1', '[4, -3]']",193.8092037072993
"[4, -2]","[4, -3]","['[4, -2]', '-1', '[4, -3]']",96.8316561580607
"[4, -2]","[3, 0]","['[4, -2]', '0', '[3, 0]']",89.89586928376045
"[4, -2]","[3, -3]","['[4, -2]', '-1', '[3, -3]']",181.33368688438566
"[4, -2]","[4, 1]","['[4, -2]', '0', '[4, 1]']",162.49000456732048
"[4, -2]",0,"['[4, -2]', '0']",28.661752441371497
"[4, -2]",-1,"['[4, -2]', '-1']",72.77893732356519
"[4, -2]",-2,"['[4, -2]', '-1', '[3, -2]', '-2']",179.73359308352988
"[4, -2]","[4, -1]","['[4, -2]', '0', '[4, -1]']",79.48024881114469
"[4, -2]","[4, 2]","['[4, -2]', '0', '[4, -1]', '1', '[4, 2]']",174.73057724389216
"[4, -2]",2,"['[4, -2]', '0', '[4, 0]', '2']",172.19587398326573
"[4, -2]","[4, -4]","['[4, -2]', '-1', '[3, -2]', '-2', '[4, -4]']",200.73179308352988
"[4, -3]","[2, 1]","['[4, -3]', '-1', '[2, 1]']",140.23665728877313
"[4, -3]","[2, 0]","['[4, -3]', '-1', '[2, 0]']",167.08714853493262
"[4, -2]","[1, 0]","['[4, -2]', '0', '[4, 0]', '2', '[1, 0]']",295.0875576391306
"[4, -3]","[2, -2]","['[4, -3]', '-1', '[2, -2]']",123.17930237720745
"[4, -3]","[1, -1]","['[4, -3]', '-1', '[1, -1]']",202.27833561808413
"[4, -2]",1,"['[4, -2]', '0', '[4, -1]', '1']",120.10669878312167
"[4, -3]","[3, 1]","['[4, -3]', '-1', '[3, 1]']",121.57992095412132
"[4, -3]","[3, 0]","['[4, -3]', '-1', '[3, 0]']",69.30649293686889
"[4, -2]","[4, 3]","['[4, -2]', '0', '[4, 0]', '2', '[4, 3]']",206.10257398326573
"[4, -3]","[3, -1]","['[4, -3]', '-1', '[3, -1]']",69.38202854577463
"[4, -3]","[3, -3]","['[4, -3]', '-1', '[3, -3]']",132.60746839531598
"[4, -3]","[2, -1]","['[4, -3]', '-1', '[3, -2]', '-2', '[2, -1]']",209.1649465911375
"[4, -3]","[1, 1]","['[4, -3]', '-1', '[1, 1]']",286.62729820916775
"[4, -3]","[3, -2]","['[4, -3]', '-1', '[3, -2]']",83.43823528608723
"[4, -1]","[4, 4]","['[4, -1]', '1', '[4, 2]', '2', '[4, 4]']",185.93732843274745
"[4, -2]","[3, 3]","['[4, -2]', '0', '[4, -1]', '1', '[3, 3]']",172.69142606158798
"[4, -3]","[4, -1]","['[4, -3]', '-1', '[4, -2]', '0', '[4, -1]']",176.3119049692054
"[4, -3]","[4, -2]","['[4, -3]', '-1', '[4, -2]']",96.8316561580607
"[4, -3]","[4, 0]","['[4, -3]', '-1', '[4, -2]', '0', '[4, 0]']",193.80920370729933
"[4, -3]","[1, 0]","['[4, -3]', '-1', '[3, -2]', '-2', '[1, 0]']",327.6047857859313
"[4, -3]",1,"['[4, -3]', '-1', '[4, -2]', '0', '[4, -1]', '1']",216.93835494118235
"[4, -3]","[3, 2]","['[4, -3]', '-1', '[4, -2]', '0', '[3, 2]']",190.15132293162245
"[4, -3]",-1,"['[4, -3]', '-1']",24.0527188344955
"[4, -3]",-2,"['[4, -3]', '-1', '[3, -2]', '-2']",131.0073745944602
"[4, -3]",2,"['[4, -3]', '-1', '[2, 0]', '2']",240.92196595589752
"[4, -4]","[1, 0]","['[4, -4]', '-2', '[1, 0]']",217.59561119147114
"[4, -3]","[4, 2]","['[4, -3]', '-1', '[4, -2]', '0', '[4, -1]', '1', '[4, 2]']",271.5622334019528
"[4, -3]",0,"['[4, -3]', '-1', '[4, -2]', '0']",125.4934085994322
"[4, -3]","[4, 1]","['[4, -3]', '-1', '[4, -2]', '0', '[4, 1]']",259.3216607253812
"[4, -4]","[2, 0]","['[4, -4]', '-2', '[2, 0]']",173.02474298815557
"[4, -4]","[2, -1]","['[4, -4]', '-2', '[2, -1]']",99.15577199667727
"[4, -4]","[2, -2]","['[4, -4]', '-2', '[2, -2]']",117.44797267941887
"[4, -4]","[2, 1]","['[4, -4]', '-2', '[3, -2]', '-1', '[2, 1]']",244.13679421424234
"[4, -3]","[4, 3]","['[4, -3]', '-1', '[2, 0]', '2', '[4, 3]']",274.8286659558975
"[4, -3]","[4, -4]","['[4, -3]', '-1', '[3, -2]', '-2', '[4, -4]']",152.0055745944602
"[4, -4]","[1, -1]","['[4, -4]', '-2', '[1, -1]']",192.427971142091
"[4, -4]","[3, -1]","['[4, -4]', '-2', '[3, -1]']",87.4980181043713
"[4, -4]","[3, -2]","['[4, -4]', '-2', '[3, -2]']",68.56733930837298
"[4, -4]","[3, -3]","['[4, -4]', '-2', '[3, -3]']",60.0553
"[4, -4]","[3, 3]","['[4, -4]', '-2', '[2, -1]', '1', '[3, 3]']",216.07293126699818
"[4, -2]","[4, 4]","['[4, -2]', '0', '[4, 0]', '2', '[4, 4]']",217.32977398326574
"[4, -4]","[3, 1]","['[4, -4]', '-2', '[3, -2]', '-1', '[3, 1]']",225.48005787959056
"[4, -3]","[4, 4]","['[4, -3]', '-1', '[2, 0]', '2', '[4, 4]']",286.0558659558975
"[4, -4]","[4, 1]","['[4, -4]', '-2', '[2, -1]', '1', '[4, 1]']",210.28386975390052
"[4, -4]","[3, 0]","['[4, -4]', '-2', '[3, -2]', '-1', '[3, 0]']",173.2066298623381
"[4, -4]","[4, 2]","['[4, -4]', '-2', '[2, -1]', '1', '[4, 2]']",218.11208244930236
"[4, -4]","[4, -1]","['[4, -4]', '-2', '[2, -1]', '1', '[4, -1]']",204.11465396050886
"[4, -3]","[3, 3]","['[4, -3]', '-1', '[4, -2]', '0', '[4, -1]', '1', '[3, 3]']",269.52308221964864
"[4, -4]",1,"['[4, -4]', '-2', '[2, -1]', '1']",163.4882039885319
"[4, -4]",0,"['[4, -4]', '-2', '[2, -2]', '0']",202.0257889150059
"[4, -4]","[4, 3]","['[4, -4]', '-2', '[2, 0]', '2', '[4, 3]']",280.7662604091205
"[4, -4]",-2,"['[4, -4]', '-2']",20.9982
"[4, -4]","[4, 0]","['[4, -4]', '-2', '[2, -1]', '1', '[4, 0]']",213.89504059794723
2,"[1, 0]","['2', '[1, 0]']",122.89168365586484
"[4, -4]",-1,"['[4, -4]', '-2', '[3, -2]', '-1']",127.95285575996472
2,"[2, 2]","['2', '[2, 2]']",130.12133482502824
2,"[2, 1]","['2', '[2, 1]']",106.72614342846423
2,"[2, 0]","['2', '[2, 0]']",73.8348174209649
"[4, -4]","[3, 2]","['[4, -4]', '-2', '[2, -1]', '1', '[3, 2]']",222.1436900102569
"[4, -4]","[4, -3]","['[4, -4]', '-2', '[3, -2]', '-1', '[4, -3]']",152.00557459446023
"[4, -4]","[2, 2]","['[4, -4]', '-2', '[2, -1]', '1', '[2, 2]']",249.11323971597557
2,"[3, 2]","['2', '[4, 2]', '1', '[3, 2]']",158.83246448249548
2,"[3, 1]","['2', '[4, 0]', '0', '[3, 1]']",186.10485069651685
2,"[2, -2]","['2', '[4, 0]', '0', '[2, -2]']",228.11193777748127
2,"[3, 0]","['2', '[3, 0]']",191.75040455228853
"[4, -4]",2,"['[4, -4]', '-2', '[2, 0]', '2']",246.85956040912046
"[4, -4]","[4, -2]","['[4, -4]', '-2', '[3, -2]', '-1', '[4, -2]']",200.7317930835299
2,"[4, 4]","['2', '[4, 4]']",45.1339
2,"[4, 3]","['2', '[4, 3]']",33.9067
2,"[4, 2]","['2', '[4, 2]']",45.5531
2,"[4, 1]","['2', '[4, 1]']",68.73578382453044
"[4, -3]","[2, 2]","['[4, -3]', '-1', '[4, -2]', '0', '[2, 2]']",259.5862266533934
2,"[1, -1]","['2', '[4, 2]', '1', '[1, -1]']",293.981388792022
2,"[2, -1]","['2', '[4, 2]', '1', '[2, -1]']",164.5094104526251
"[4, -4]","[1, 1]","['[4, -4]', '-2', '[2, -2]', '0', '[1, 1]']",367.24446648963254
2,"[4, 0]","['2', '[4, 0]']",75.21832643402709
2,1,"['2', '[4, 2]', '1']",100.17697846077048
2,"[1, 1]","['2', '[4, 2]', '1', '[1, 1]']",305.6647056666905
2,"[3, 3]","['2', '[4, 2]', '1', '[3, 3]']",152.7617057392368
2,0,"['2', '[4, 0]', '0']",143.53412154189425
2,"[4, -1]","['2', '[4, 2]', '1', '[4, -1]']",140.80342843274747
2,"[3, -3]","['2', '[2, 0]', '-2', '[3, -3]']",264.9184604091205
1,"[1, 0]","['1', '[4, 2]', '2', '[1, 0]']",223.06866211663532
1,"[1, -1]","['1', '[1, -1]']",193.80441033125152
1,"[2, 2]","['1', '[2, 2]']",85.62503572744366
2,"[4, -2]","['2', '[4, 0]', '0', '[4, -2]']",172.19587398326576
1,"[2, -1]","['1', '[2, -1]']",64.3324319918546
"[4, -4]","[4, 4]","['[4, -4]', '-2', '[2, 0]', '2', '[4, 4]']",291.9934604091205
1,"[3, 3]","['1', '[3, 3]']",52.5847272784663
1,"[3, 2]","['1', '[3, 2]']",58.65548602172501
1,"[3, 1]","['1', '[4, -1]', '0', '[3, 1]']",134.01567549637278
1,"[2, -2]","['1', '[4, -1]', '0', '[2, -2]']",176.02276257733723
1,"[1, 1]","['1', '[1, 1]']",205.48772720592
2,-1,"['2', '[2, 0]', '-1']",216.86924712140203
1,"[2, 1]","['1', '[2, 1]']",174.0093300663025
1,"[2, 0]","['1', '[4, 2]', '2', '[2, 0]']",174.0117958817354
1,"[4, 3]","['1', '[4, 2]', '2', '[4, 3]']",134.0836784607705
1,"[4, 2]","['1', '[4, 2]']",54.623878460770484
1,"[4, 1]","['1', '[4, 1]']",46.795665765368625
1,"[4, 0]","['1', '[4, 0]']",50.406836609415336
1,"[4, -1]","['1', '[4, -1]']",40.62644997197698
2,"[4, -4]","['2', '[2, 0]', '-2', '[4, -4]']",246.85956040912046
1,"[4, -2]","['1', '[4, -1]', '0', '[4, -2]']",120.10669878312169
1,"[4, -3]","['1', '[4, -1]', '0', '[4, -2]', '-1', '[4, -3]']",216.93835494118238
1,2,"['1', '[4, 2]', '2']",100.17697846077048
1,0,"['1', '[4, -1]', '0']",91.44494634175018
1,"[4, -4]","['1', '[2, -1]', '-2', '[4, -4]']",163.4882039885319
1,-2,"['1', '[2, -1]', '-2']",142.4900039885319
1,-1,"['1', '[4, -1]', '0', '[4, -2]', '-1']",192.8856361066869
2,"[4, -3]","['2', '[2, 0]', '-1', '[4, -3]']",240.92196595589752
1,"[3, -1]","['1', '[3, -1]']",176.59953218775192
0,"[2, 2]","['0', '[2, 2]']",134.09281805396117
2,"[3, -2]","['2', '[2, 0]', '-2', '[3, -2]']",273.43049971749343
0,"[2, 0]","['0', '[2, 0]']",115.97736506441856
1,"[3, 0]","['1', '[4, -1]', '0', '[3, 0]']",152.67906318413912
0,"[2, -2]","['0', '[2, -2]']",84.57781623558704
2,"[3, -1]","['2', '[2, 0]', '-1', '[3, -1]']",262.19855683268116
2,-2,"['2', '[2, 0]', '-2']",225.86136040912046
0,"[1, 1]","['0', '[1, 1]']",165.21867757462664
0,"[1, -1]","['0', '[1, -1]']",222.8860820497886
0,"[3, -1]","['0', '[3, -1]']",135.4851180857386
1,"[3, -3]","['1', '[2, -1]', '-2', '[3, -3]']",181.5471039885319
0,"[2, 1]","['0', '[4, -2]', '-1', '[2, 1]']",217.6246282192143
0,"[2, -1]","['0', '[4, -1]', '1', '[2, -1]']",155.7773783336048
0,"[3, 0]","['0', '[3, 0]']",61.23411684238894
0,"[3, 2]","['0', '[3, 2]']",64.65791433219024
0,"[4, 1]","['0', '[4, 1]']",133.82825212594898
0,"[4, 0]","['0', '[4, 0]']",68.31579510786715
0,"[4, -1]","['0', '[4, -1]']",50.8184963697732
0,"[4, -2]","['0', '[4, -2]']",28.661752441371497
0,"[3, 3]","['0', '[4, -1]', '1', '[3, 3]']",144.0296736202165
0,"[3, 1]","['0', '[3, 1]']",42.5707291546226
0,"[3, -3]","['0', '[4, -2]', '-1', '[3, -3]']",209.99543932575716
0,1,"['0', '[4, -1]', '1']",91.44494634175018
0,"[4, 4]","['0', '[4, 0]', '2', '[4, 4]']",188.66802154189423
0,-1,"['0', '[4, -2]', '-1']",101.44068976493668
0,-2,"['0', '[2, -2]', '-2']",181.0275889150059
1,"[3, -2]","['1', '[2, -1]', '-2', '[3, -2]']",190.05914329690486
-1,"[1, 1]","['-1', '[1, 1]']",262.5745793746722
-1,"[1, -1]","['-1', '[1, -1]']",178.22561678358863
-1,"[2, 1]","['-1', '[2, 1]']",116.18393845427762
-1,"[2, 0]","['-1', '[2, 0]']",143.03442970043713
0,"[4, -3]","['0', '[4, -2]', '-1', '[4, -3]']",125.49340859943217
-1,"[2, 2]","['-1', '[4, -2]', '0', '[2, 2]']",235.53350781889785
0,"[1, 0]","['0', '[4, 0]', '2', '[1, 0]']",266.4258051977591
0,"[4, 2]","['0', '[4, -1]', '1', '[4, 2]']",146.06882480252068
0,2,"['0', '[4, 0]', '2']",143.53412154189425
-1,"[3, 0]","['-1', '[3, 0]']",45.2537741023734
-1,"[3, -1]","['-1', '[3, -1]']",45.32930971127913
1,"[4, 4]","['1', '[4, 2]', '2', '[4, 4]']",145.31087846077048
-1,"[2, -1]","['-1', '[3, -2]', '-2', '[2, -1]']",185.11222775664197
-1,"[3, -3]","['-1', '[3, -3]']",108.55474956082047
-1,"[2, -2]","['-1', '[2, -2]']",99.12658354271196
-1,"[4, 2]","['-1', '[4, -2]', '0', '[4, -1]', '1', '[4, 2]']",247.5095145674573
-1,"[3, 1]","['-1', '[3, 1]']",97.52720211962583
-1,"[3, -2]","['-1', '[3, -2]']",59.38551645159174
-1,"[4, 0]","['-1', '[4, -2]', '0', '[4, 0]']",169.7564848728038
-1,"[4, -1]","['-1', '[4, -2]', '0', '[4, -1]']",152.25918613470986
-1,"[4, -3]","['-1', '[4, -3]']",24.0527188344955
-1,"[4, -2]","['-1', '[4, -2]']",72.77893732356519
0,"[3, -2]","['0', '[4, -2]', '-1', '[3, -2]']",160.82620621652842
-1,2,"['-1', '[2, 0]', '2']",216.86924712140203
-1,0,"['-1', '[4, -2]', '0']",101.44068976493668
-1,"[3, 3]","['-1', '[4, -2]', '0', '[4, -1]', '1', '[3, 3]']",245.47036338515312
0,"[4, 3]","['0', '[4, 0]', '2', '[4, 3]']",177.44082154189425
-2,"[1, 0]","['-2', '[1, 0]']",196.59741119147114
-2,"[1, -1]","['-2', '[1, -1]']",171.429771142091
-1,1,"['-1', '[4, -2]', '0', '[4, -1]', '1']",192.88563610668683
-2,"[2, 2]","['-2', '[2, -1]', '1', '[2, 2]']",228.11503971597557
-2,"[2, 0]","['-2', '[2, 0]']",152.02654298815557
-2,"[2, -1]","['-2', '[2, -1]']",78.15757199667728
-2,"[2, -2]","['-2', '[2, -2]']",96.44977267941887
0,"[4, -4]","['0', '[2, -2]', '-2', '[4, -4]']",202.0257889150059
-1,"[4, -4]","['-1', '[3, -2]', '-2', '[4, -4]']",127.9528557599647
-1,"[3, 2]","['-1', '[4, -2]', '0', '[3, 2]']",166.09860409712692
-2,"[3, 0]","['-2', '[3, -2]', '-1', '[3, 0]']",152.2084298623381
-2,"[3, -1]","['-2', '[3, -1]']",66.4998181043713
-2,"[3, -2]","['-2', '[3, -2]']",47.569139308372975
-2,"[3, -3]","['-2', '[3, -3]']",39.0571
-2,"[3, 1]","['-2', '[3, -2]', '-1', '[3, 1]']",204.48185787959054
-1,"[4, 1]","['-1', '[4, -2]', '0', '[4, 1]']",235.26894189088566
-1,"[4, 3]","['-1', '[2, 0]', '2', '[4, 3]']",250.77594712140203
-2,"[2, 1]","['-2', '[3, -2]', '-1', '[2, 1]']",223.13859421424235
-1,"[1, 0]","['-1', '[3, -2]', '-2', '[1, 0]']",303.55206695143585
-2,"[4, -1]","['-2', '[2, -1]', '1', '[4, -1]']",183.11645396050886
-1,-2,"['-1', '[3, -2]', '-2']",106.95465575996471
-1,"[4, 4]","['-1', '[2, 0]', '2', '[4, 4]']",262.00314712140204
-2,"[4, -4]","['-2', '[4, -4]']",20.9982
-2,"[4, -2]","['-2', '[3, -2]', '-1', '[4, -2]']",179.7335930835299
-2,1,"['-2', '[2, -1]', '1']",142.4900039885319
-2,0,"['-2', '[2, -2]', '0']",181.0275889150059
-2,"[4, 2]","['-2', '[2, -1]', '1', '[4, 2]']",197.11388244930237
-2,"[4, 4]","['-2', '[2, 0]', '2', '[4, 4]']",270.9952604091205
-2,"[4, 1]","['-2', '[2, -1]', '1', '[4, 1]']",189.28566975390052
-2,"[3, 3]","['-2', '[2, -1]', '1', '[3, 3]']",195.07473126699819
-2,"[4, 0]","['-2', '[2, -1]', '1', '[4, 0]']",192.89684059794723
-2,"[4, -3]","['-2', '[3, -2]', '-1', '[4, -3]']",131.0073745944602
-2,"[3, 2]","['-2', '[2, -1]', '1', '[3, 2]']",201.1454900102569
-2,-1,"['-2', '[3, -2]', '-1']",106.95465575996471
-2,"[4, 3]","['-2', '[2, 0]', '2', '[4, 3]']",259.7680604091205
-2,"[1, 1]","['-2', '[2, -2]', '0', '[1, 1]']",346.24626648963255
-2,2,"['-2', '[2, 0]', '2']",225.86136040912046
